[
  {
    "value": "Body Scan",
    "synonyms": [
      "Body Scan",
      "bodyscan"
    ]
  },
  {
    "value": "Sitting Meditation",
    "synonyms": [
      "Sitting Meditation",
      "normal meditation"
    ]
  },
  {
    "value": "Guided Imagery",
    "synonyms": [
      "Guided Imagery",
      "dream journey"
    ]
  },
  {
    "value": "Unguided",
    "synonyms": [
      "Unguided",
      "free",
      "free meditation"
    ]
  },
  {
    "value": "Breath Practice",
    "synonyms": [
      "Breath Practice",
      "breath meditation"
    ]
  },
  {
    "value": "Movement Practice",
    "synonyms": [
      "Movement Practice",
      "movement meditation"
    ]
  },
  {
    "value": "Automatic Selection",
    "synonyms": [
      "Automatic Selection",
      "decided by you"
    ]
  }
]