[
  {
    "value": "Body Scan",
    "synonyms": [
      "Body Scan"
    ]
  },
  {
    "value": "Sitting Meditation",
    "synonyms": [
      "Sitting Meditation"
    ]
  },
  {
    "value": "Guided Imagery",
    "synonyms": [
      "Guided Imagery"
    ]
  },
  {
    "value": "Unguided",
    "synonyms": [
      "Unguided"
    ]
  },
  {
    "value": "Breath Practice",
    "synonyms": [
      "Breath Practice"
    ]
  },
  {
    "value": "Movement Practice",
    "synonyms": [
      "Movement Practice"
    ]
  },
  {
    "value": "Automatic Selection",
    "synonyms": [
      "Automatic Selection"
    ]
  }
]