[
  {
    "value": "1",
    "synonyms": [
      "1",
      "one"
    ]
  },
  {
    "value": "2",
    "synonyms": [
      "2",
      "two"
    ]
  },
  {
    "value": "3",
    "synonyms": [
      "3",
      "three"
    ]
  },
  {
    "value": "4",
    "synonyms": [
      "4",
      "four"
    ]
  },
  {
    "value": "5",
    "synonyms": [
      "5",
      "five"
    ]
  },
  {
    "value": "6",
    "synonyms": [
      "6",
      "six"
    ]
  },
  {
    "value": "7",
    "synonyms": [
      "7",
      "seven"
    ]
  }
]