[
  {
    "value": "energized-unpleasant",
    "synonyms": [
      "stressed",
      "tense",
      "nervous",
      "irritated",
      "annoyed",
      "upset"
    ]
  },
  {
    "value": "energized-pleasant",
    "synonyms": [
      "energized-pleasant",
      "excited",
      "lively",
      "cheerful",
      "happy",
      "energetic",
      "elated"
    ]
  },
  {
    "value": "calm-pleasant",
    "synonyms": [
      "relaxed",
      "carefree",
      "calm",
      "serene",
      "contended"
    ]
  },
  {
    "value": "calm-unpleasant",
    "synonyms": [
      "lazy",
      "bored",
      "weary",
      "gloomy",
      "sad",
      "depressed",
      "fatigued"
    ]
  },
  {
    "value": "energized-neutral",
    "synonyms": [
      "energized-neutral"
    ]
  },
  {
    "value": "neutral-pleasant",
    "synonyms": [
      "neutral-pleasant",
      "good",
      "better"
    ]
  },
  {
    "value": "calm-neutral",
    "synonyms": [
      "calm-neutral"
    ]
  },
  {
    "value": "neutral-unpleasant",
    "synonyms": [
      "neutral-unpleasant",
      "bad",
      "unhappy"
    ]
  }
]