[
  {
    "id": "888649e4-bf12-42ab-9ce2-a5bb0e2d689f",
    "data": [
      {
        "text": "do you know what does the fox say",
        "userDefined": false
      }
    ],
    "isTemplate": false,
    "count": 1,
    "updated": 0
  },
  {
    "id": "de300592-ef8f-411b-9dcc-d0965aa370dc",
    "data": [
      {
        "text": "can you answer me what does the fox say",
        "userDefined": false
      }
    ],
    "isTemplate": false,
    "count": 0,
    "updated": 0
  },
  {
    "id": "34fbed9a-a4c6-492c-87ff-10778a9ceb47",
    "data": [
      {
        "text": "what sounds does a fox make",
        "userDefined": false
      }
    ],
    "isTemplate": false,
    "count": 0,
    "updated": 0
  },
  {
    "id": "5eea9446-5376-43f8-8811-f90703737fcb",
    "data": [
      {
        "text": "find out what sound does a fox make",
        "userDefined": false
      }
    ],
    "isTemplate": false,
    "count": 0,
    "updated": 0
  },
  {
    "id": "2509ce6c-d4b9-4fd1-b3b9-8549615d6381",
    "data": [
      {
        "text": "fox says",
        "userDefined": false
      }
    ],
    "isTemplate": false,
    "count": 0,
    "updated": 0
  },
  {
    "id": "c7f95d43-6664-4537-9183-4ae1d6ae38f6",
    "data": [
      {
        "text": "do you have an idea what does the fox say",
        "userDefined": false
      }
    ],
    "isTemplate": false,
    "count": 0,
    "updated": 0
  },
  {
    "id": "d9118e37-3786-450b-8fdc-3a396ddf1a7e",
    "data": [
      {
        "text": "what does the fox say",
        "userDefined": false
      }
    ],
    "isTemplate": false,
    "count": 0,
    "updated": 0
  },
  {
    "id": "bb01637a-a919-4094-870b-0c8a43cc0a9a",
    "data": [
      {
        "text": "what sound does a fox make",
        "userDefined": false
      }
    ],
    "isTemplate": false,
    "count": 1,
    "updated": 0
  },
  {
    "id": "f0d4a514-7b5a-4262-ab10-004eabf8c616",
    "data": [
      {
        "text": "can you tell me what does the fox say",
        "userDefined": false
      }
    ],
    "isTemplate": false,
    "count": 0,
    "updated": 0
  },
  {
    "id": "e9e41cd8-5828-4360-b1c2-baa3b0a372f9",
    "data": [
      {
        "text": "can you show me what does the ",
        "userDefined": false
      },
      {
        "text": "fox say",
        "meta": "@sys.ignore",
        "userDefined": false
      }
    ],
    "isTemplate": false,
    "count": 0,
    "updated": 0
  }
]