[
  {
    "id": "dba307a1-930b-4d99-9087-95c075e8c3bb",
    "data": [
      {
        "text": "please tell how much could a woodchuck chuck if a woodchuck could chuck ",
        "userDefined": false
      },
      {
        "text": "wood",
        "meta": "@sys.ignore",
        "userDefined": true
      }
    ],
    "isTemplate": false,
    "count": 0,
    "updated": 0
  },
  {
    "id": "eaf292f0-e158-4074-9ef6-d7cc37b04d41",
    "data": [
      {
        "text": "find out how much ",
        "userDefined": false
      },
      {
        "text": "wood",
        "meta": "@sys.ignore",
        "userDefined": false
      },
      {
        "text": " would a woodchuck chuck",
        "userDefined": false
      }
    ],
    "isTemplate": false,
    "count": 1,
    "updated": 0
  },
  {
    "id": "8998f690-e631-430d-b376-e86b14bbc878",
    "data": [
      {
        "text": "how ",
        "userDefined": false
      },
      {
        "text": "many",
        "meta": "@sys.ignore",
        "userDefined": false
      },
      {
        "text": " chucks would a woodchuck chuck if a woodchuck could chuck ",
        "userDefined": false
      },
      {
        "text": "wood",
        "meta": "@sys.ignore",
        "userDefined": false
      }
    ],
    "isTemplate": false,
    "count": 0,
    "updated": 0
  },
  {
    "id": "ae0e5f8f-01a3-4dfd-9431-b9951bf73906",
    "data": [
      {
        "text": "how much ",
        "userDefined": false
      },
      {
        "text": "wood",
        "meta": "@sys.ignore",
        "userDefined": true
      },
      {
        "text": " does woodchuck chuck",
        "userDefined": false
      }
    ],
    "isTemplate": false,
    "count": 0,
    "updated": 0
  },
  {
    "id": "cb7a0bb2-0a12-447e-9f58-561852536952",
    "data": [
      {
        "text": "how much chuck could a woodchuck chuck if a woodchuck could chuck ",
        "userDefined": false
      },
      {
        "text": "wood",
        "meta": "@sys.ignore",
        "userDefined": true
      }
    ],
    "isTemplate": false,
    "count": 0,
    "updated": 0
  },
  {
    "id": "3d8a08bb-e8da-48ce-a3f1-6f2dff56eaa1",
    "data": [
      {
        "text": "can you say how ",
        "userDefined": false
      },
      {
        "text": "many",
        "meta": "@sys.ignore",
        "userDefined": true
      },
      {
        "text": " ",
        "userDefined": false
      },
      {
        "text": "wood",
        "meta": "@sys.ignore",
        "userDefined": true
      },
      {
        "text": " could a woodchuck chuck",
        "userDefined": false
      }
    ],
    "isTemplate": false,
    "count": 0,
    "updated": 0
  },
  {
    "id": "5e15d7d9-bf81-4adf-861c-c794e28763bb",
    "data": [
      {
        "text": "do you know how much ",
        "userDefined": false
      },
      {
        "text": "wood",
        "meta": "@sys.ignore",
        "userDefined": false
      },
      {
        "text": " would a woodchuck chuck",
        "userDefined": false
      }
    ],
    "isTemplate": false,
    "count": 0,
    "updated": 0
  },
  {
    "id": "e53808e6-040a-439b-a466-11dd2cb2c406",
    "data": [
      {
        "text": "how ",
        "userDefined": false
      },
      {
        "text": "many",
        "meta": "@sys.ignore",
        "userDefined": false
      },
      {
        "text": " chucks would a woodchuck chuck",
        "userDefined": false
      }
    ],
    "isTemplate": false,
    "count": 0,
    "updated": 0
  },
  {
    "id": "0ad9c888-1a8a-4aeb-b53c-01bc5818980b",
    "data": [
      {
        "text": "tell me how ",
        "userDefined": false
      },
      {
        "text": "many",
        "meta": "@sys.ignore",
        "userDefined": false
      },
      {
        "text": " times would a woodchuck chuck ",
        "userDefined": false
      },
      {
        "text": "wood",
        "meta": "@sys.ignore",
        "userDefined": false
      },
      {
        "text": " if a woodchuck would chuck ",
        "userDefined": false
      },
      {
        "text": "wood",
        "meta": "@sys.ignore",
        "userDefined": false
      }
    ],
    "isTemplate": false,
    "count": 0,
    "updated": 0
  }
]