[
  {
    "id": "f60ed093-6e32-4163-a8c7-d3f19ef8eace",
    "data": [
      {
        "text": "my back is hurting",
        "userDefined": false
      }
    ],
    "isTemplate": false,
    "count": 0,
    "updated": 0
  },
  {
    "id": "90949a01-fca5-4d62-869e-b01b3203fc70",
    "data": [
      {
        "text": "my legs hurt",
        "userDefined": false
      }
    ],
    "isTemplate": false,
    "count": 0,
    "updated": 0
  },
  {
    "id": "641093f3-c060-41c7-9e8a-9ad0b9bdba67",
    "data": [
      {
        "text": "Why do my back or legs hurt?",
        "userDefined": false
      }
    ],
    "isTemplate": false,
    "count": 0,
    "updated": 0
  }
]