[
  {
    "id": "6bfc145e-74d6-463b-83c1-ca0c7f5e89c8",
    "data": [
      {
        "text": "Is Music allowed?",
        "userDefined": false
      }
    ],
    "isTemplate": false,
    "count": 0,
    "updated": 0
  },
  {
    "id": "1571634a-bc59-46be-8af5-1a3094351f70",
    "data": [
      {
        "text": "Is music during meditation okay?",
        "userDefined": false
      }
    ],
    "isTemplate": false,
    "count": 0,
    "updated": 0
  },
  {
    "id": "2845cbce-1a4c-4eef-83bf-b651219790ee",
    "data": [
      {
        "text": "Can I meditate listening to music?",
        "userDefined": false
      }
    ],
    "isTemplate": false,
    "count": 0,
    "updated": 0
  }
]