[
  {
    "id": "992e6506-8832-46ea-891e-158a3a2ab97b",
    "data": [
      {
        "text": "what does mbsr mean",
        "userDefined": false
      }
    ],
    "isTemplate": false,
    "count": 0,
    "updated": 0
  },
  {
    "id": "14c07d8c-ce4c-4276-a86b-31502f25002d",
    "data": [
      {
        "text": "tell me about mbsr",
        "userDefined": false
      }
    ],
    "isTemplate": false,
    "count": 0,
    "updated": 0
  },
  {
    "id": "cd15407a-d9d9-43e2-9cbb-0181a7add3e6",
    "data": [
      {
        "text": "Mindfulness Based Stress Reduction",
        "userDefined": false
      }
    ],
    "isTemplate": false,
    "count": 0,
    "updated": 0
  },
  {
    "id": "d4769770-2663-4483-b630-040cec3bab59",
    "data": [
      {
        "text": "MBSR",
        "userDefined": false
      }
    ],
    "isTemplate": false,
    "count": 0,
    "updated": 0
  }
]