[
  {
    "id": "cab02cb0-5b20-4878-8dfc-aca1f111ba16",
    "data": [
      {
        "text": "i want to know about mental noting",
        "userDefined": false
      }
    ],
    "isTemplate": false,
    "count": 0,
    "updated": 0
  },
  {
    "id": "1a0b2f41-41db-44bc-957a-facd4c93a601",
    "data": [
      {
        "text": "mental noting",
        "userDefined": false
      }
    ],
    "isTemplate": false,
    "count": 0,
    "updated": 0
  },
  {
    "id": "68f4fc15-5242-4c95-a4b4-0101e8cff332",
    "data": [
      {
        "text": "noting",
        "userDefined": false
      }
    ],
    "isTemplate": false,
    "count": 0,
    "updated": 0
  }
]