[
  {
    "id": "6d95f1a9-76f4-42ad-89c2-10bb6dab1be4",
    "data": [
      {
        "text": "what is zazen",
        "userDefined": false
      }
    ],
    "isTemplate": false,
    "count": 0,
    "updated": 0
  },
  {
    "id": "00d5f3c3-0bca-4412-8a9a-2a5dd4e99c31",
    "data": [
      {
        "text": "i want to learn about zazen",
        "userDefined": false
      }
    ],
    "isTemplate": false,
    "count": 0,
    "updated": 0
  },
  {
    "id": "a792663e-af95-4a28-bca9-b5efc65a99b4",
    "data": [
      {
        "text": "tell me about zazen",
        "userDefined": false
      }
    ],
    "isTemplate": false,
    "count": 0,
    "updated": 0
  },
  {
    "id": "f175069f-d9e1-4153-8cca-bd22092300e8",
    "data": [
      {
        "text": "Zazen",
        "userDefined": false
      }
    ],
    "isTemplate": false,
    "count": 0,
    "updated": 0
  }
]