[
  {
    "id": "fe82a17b-8742-4716-b6a0-8b059c97ca30",
    "data": [
      {
        "text": "Science of Meditation",
        "userDefined": false
      }
    ],
    "isTemplate": false,
    "count": 0,
    "updated": 0
  },
  {
    "id": "479ff314-b88b-4f3d-971b-9a8fde073d33",
    "data": [
      {
        "text": "What do scientists say about Meditation?",
        "userDefined": false
      }
    ],
    "isTemplate": false,
    "count": 0,
    "updated": 0
  },
  {
    "id": "1eedf486-4571-474f-b7f9-607dddea5881",
    "data": [
      {
        "text": "Is there Science behind this?",
        "userDefined": false
      }
    ],
    "isTemplate": false,
    "count": 0,
    "updated": 0
  },
  {
    "id": "2c0a798c-2cc9-47a8-99f5-ce456ac984e4",
    "data": [
      {
        "text": "Is this scientifically backed?",
        "userDefined": false
      }
    ],
    "isTemplate": false,
    "count": 0,
    "updated": 0
  }
]