[
  {
    "id": "033c52e1-7223-4fb7-a2be-0c9168540bd0",
    "data": [
      {
        "text": "what is a body scan",
        "userDefined": false
      }
    ],
    "isTemplate": false,
    "count": 0,
    "updated": 0
  },
  {
    "id": "095e3f5c-7fe2-46d0-b26c-ce890496378b",
    "data": [
      {
        "text": "i want to hear about the body scan",
        "userDefined": false
      }
    ],
    "isTemplate": false,
    "count": 0,
    "updated": 0
  },
  {
    "id": "efe87d4b-32e5-458e-9c77-0cc242648e3b",
    "data": [
      {
        "text": "the body scan please",
        "userDefined": false
      }
    ],
    "isTemplate": false,
    "count": 0,
    "updated": 0
  },
  {
    "id": "093312a8-087d-49c2-823b-9bf50ecf86a9",
    "data": [
      {
        "text": "Body Scan",
        "userDefined": false
      }
    ],
    "isTemplate": false,
    "count": 0,
    "updated": 0
  }
]