[
  {
    "id": "b092aa3c-0421-4cd6-bda4-ee0ad5d2a74c",
    "data": [
      {
        "text": "breathing exercise",
        "userDefined": false
      }
    ],
    "isTemplate": false,
    "count": 0,
    "updated": 0
  },
  {
    "id": "38a300c0-1d5e-440f-b3b7-a208e643ddec",
    "data": [
      {
        "text": "breath practice",
        "userDefined": false
      }
    ],
    "isTemplate": false,
    "count": 0,
    "updated": 0
  },
  {
    "id": "160e654d-6d0f-49e3-8b30-c247293ff149",
    "data": [
      {
        "text": "mindfilness of breath",
        "userDefined": false
      }
    ],
    "isTemplate": false,
    "count": 0,
    "updated": 0
  },
  {
    "id": "35dcbbac-9f9c-4c7d-81b3-e296f1049b89",
    "data": [
      {
        "text": "Mindful Breathing",
        "userDefined": false
      }
    ],
    "isTemplate": false,
    "count": 0,
    "updated": 0
  }
]