[
  {
    "id": "aac1b37b-ed61-4743-89d7-453480b405bc",
    "data": [
      {
        "text": "how to meditate",
        "userDefined": false
      }
    ],
    "isTemplate": false,
    "count": 0,
    "updated": 0
  },
  {
    "id": "30940a74-3aaa-4fcf-90c3-078b0bcfff90",
    "data": [
      {
        "text": "i would like to be ",
        "userDefined": false
      },
      {
        "text": "better",
        "meta": "@sys.ignore",
        "userDefined": false
      },
      {
        "text": " at meditating",
        "userDefined": false
      }
    ],
    "isTemplate": false,
    "count": 0,
    "updated": 0
  },
  {
    "id": "a0048ec2-0386-49ca-9a0c-869bc6ba8648",
    "data": [
      {
        "text": "i want to know how to improve my skills",
        "userDefined": false
      }
    ],
    "isTemplate": false,
    "count": 0,
    "updated": 0
  }
]