[
  {
    "id": "2e4cf5ff-c8fb-4091-877c-b45a8aa4c6b1",
    "data": [
      {
        "text": "i have a question",
        "userDefined": false
      }
    ],
    "isTemplate": false,
    "count": 0,
    "updated": 0
  },
  {
    "id": "46d628f7-073d-408c-a335-b8de8d75ac62",
    "data": [
      {
        "text": "FAQ Mode",
        "userDefined": false
      }
    ],
    "isTemplate": false,
    "count": 0,
    "updated": 0
  },
  {
    "id": "bc5ddc6b-0122-4b26-a411-59164adafc96",
    "data": [
      {
        "text": "where can i read more",
        "userDefined": false
      }
    ],
    "isTemplate": false,
    "count": 0,
    "updated": 0
  },
  {
    "id": "34ce199a-04f2-4b83-ae6c-62fa1ea44c6e",
    "data": [
      {
        "text": "i want additional information",
        "userDefined": false
      }
    ],
    "isTemplate": false,
    "count": 0,
    "updated": 0
  },
  {
    "id": "be0a0b52-e681-48e8-a68f-fd9350eb8f9d",
    "data": [
      {
        "text": "i want to know more about this",
        "userDefined": false
      }
    ],
    "isTemplate": false,
    "count": 0,
    "updated": 0
  },
  {
    "id": "c5575f13-89c0-4377-9765-f3e9ec01aa8d",
    "data": [
      {
        "text": "give me something to read",
        "userDefined": false
      }
    ],
    "isTemplate": false,
    "count": 0,
    "updated": 0
  }
]