[
  {
    "id": "d987148e-f901-4916-ab5d-c6aeb5adbf0c",
    "data": [
      {
        "text": "what kinds of meditation are there?",
        "userDefined": false
      }
    ],
    "isTemplate": false,
    "count": 0,
    "updated": 0
  },
  {
    "id": "ea05da90-eac9-425b-9336-96c5acc87bf7",
    "data": [
      {
        "text": "tell me about meditation types",
        "userDefined": false
      }
    ],
    "isTemplate": false,
    "count": 0,
    "updated": 0
  },
  {
    "id": "627dc279-acad-4418-a9a5-2439f202e7e2",
    "data": [
      {
        "text": "i want to know about meditation types",
        "userDefined": false
      }
    ],
    "isTemplate": false,
    "count": 0,
    "updated": 0
  },
  {
    "id": "798a5fbf-b19a-4ae7-b27d-1a9be387c118",
    "data": [
      {
        "text": "meditation types",
        "userDefined": false
      }
    ],
    "isTemplate": false,
    "count": 0,
    "updated": 0
  }
]