[
  {
    "id": "806c29af-daa6-4435-a726-614eaf5acf3e",
    "data": [
      {
        "text": "wait a minute",
        "userDefined": false
      }
    ],
    "isTemplate": false,
    "count": 0,
    "updated": 0
  },
  {
    "id": "70a27ef8-0287-4a45-8a7e-dddfb976d005",
    "data": [
      {
        "text": "pause the meditation",
        "userDefined": false
      }
    ],
    "isTemplate": false,
    "count": 0,
    "updated": 0
  },
  {
    "id": "f63ad5a3-a8ec-4dd8-b3b0-00f03c8b99a3",
    "data": [
      {
        "text": "pause",
        "userDefined": false
      }
    ],
    "isTemplate": false,
    "count": 0,
    "updated": 0
  }
]