[
  {
    "id": "711e291e-77c4-4ba2-b9b5-9eb9684f423b",
    "data": [
      {
        "text": "continue",
        "userDefined": false
      }
    ],
    "isTemplate": false,
    "count": 0,
    "updated": 0
  },
  {
    "id": "c1975dfc-6d8e-427d-88ec-434f8197de5a",
    "data": [
      {
        "text": "let\u0027s continue",
        "userDefined": false
      }
    ],
    "isTemplate": false,
    "count": 0,
    "updated": 0
  },
  {
    "id": "69f4a601-f64e-4234-88ec-102fe967f731",
    "data": [
      {
        "text": "okay, i am back",
        "userDefined": false
      }
    ],
    "isTemplate": false,
    "count": 0,
    "updated": 0
  }
]