[
  {
    "id": "589ac6ae-21ac-494c-a282-becac3bd6890",
    "data": [
      {
        "text": "give me a ",
        "userDefined": false
      },
      {
        "text": "body scan",
        "alias": "meditation-type",
        "meta": "@meditation-type",
        "userDefined": true
      },
      {
        "text": " meditation",
        "userDefined": false
      }
    ],
    "isTemplate": false,
    "count": 0,
    "updated": 0
  },
  {
    "id": "3f0d5d38-0bca-4060-8d5e-c1b2f8d81868",
    "data": [
      {
        "text": "meditation mode",
        "userDefined": false
      }
    ],
    "isTemplate": false,
    "count": 0,
    "updated": 0
  },
  {
    "id": "55a22764-16f7-4170-800c-85a98d4875ea",
    "data": [
      {
        "text": "I want to meditate now",
        "userDefined": false
      }
    ],
    "isTemplate": false,
    "count": 1,
    "updated": 0
  },
  {
    "id": "94a99bdd-5575-429d-adf5-fd8583b68de2",
    "data": [
      {
        "text": "i only have ",
        "userDefined": false
      },
      {
        "text": "10",
        "alias": "meditation-length",
        "meta": "@meditation-length",
        "userDefined": true
      },
      {
        "text": " minutes, let\u0027s do a quick meditation",
        "userDefined": false
      }
    ],
    "isTemplate": false,
    "count": 0,
    "updated": 0
  },
  {
    "id": "ee63f4d3-dafd-46a9-b0c4-5d814d1d1e0c",
    "data": [
      {
        "text": "i want to meditate for ",
        "userDefined": false
      },
      {
        "text": "20",
        "alias": "meditation-length",
        "meta": "@meditation-length",
        "userDefined": true
      },
      {
        "text": " minutes",
        "userDefined": false
      }
    ],
    "isTemplate": false,
    "count": 0,
    "updated": 0
  },
  {
    "id": "3f6c1384-5898-460d-ae12-4d76958b6586",
    "data": [
      {
        "text": "i want to meditate ",
        "userDefined": false
      },
      {
        "text": "now",
        "meta": "@sys.ignore",
        "userDefined": true
      }
    ],
    "isTemplate": false,
    "count": 0,
    "updated": 0
  },
  {
    "id": "b75ca66c-f0fb-4f8b-bded-ca99bde79c73",
    "data": [
      {
        "text": "start a meditation",
        "userDefined": false
      }
    ],
    "isTemplate": false,
    "count": 0,
    "updated": 0
  }
]