[
  {
    "id": "313a5df1-60da-4c2a-988e-e24f07e81c85",
    "data": [
      {
        "text": "send the sentiment history for the last ",
        "userDefined": false
      },
      {
        "text": "30",
        "alias": "sentiment-track-length",
        "meta": "@sentiment-track-length",
        "userDefined": true
      },
      {
        "text": " days",
        "userDefined": false
      }
    ],
    "isTemplate": false,
    "count": 0,
    "updated": 0
  },
  {
    "id": "6a33bc23-04ea-4ce8-9300-2c6156e6648e",
    "data": [
      {
        "text": "give me an overview of my feelings",
        "userDefined": false
      }
    ],
    "isTemplate": false,
    "count": 0,
    "updated": 0
  },
  {
    "id": "33f47a7f-f5bc-4ba0-bc09-87f27715cf71",
    "data": [
      {
        "text": "send me my sentiment history",
        "userDefined": false
      }
    ],
    "isTemplate": false,
    "count": 0,
    "updated": 0
  }
]