[
  {
    "id": "6aa05533-8589-4d97-9416-7cf0e3cc3491",
    "data": [
      {
        "text": "back to main menu please",
        "userDefined": false
      }
    ],
    "isTemplate": false,
    "count": 0,
    "updated": 0
  },
  {
    "id": "df0d6726-a7b4-4871-9261-773cbe80dd13",
    "data": [
      {
        "text": "whats on the menu ",
        "userDefined": false
      },
      {
        "text": "today",
        "meta": "@sys.ignore",
        "userDefined": false
      },
      {
        "text": "?",
        "userDefined": false
      }
    ],
    "isTemplate": false,
    "count": 0,
    "updated": 0
  },
  {
    "id": "89f9a4f0-882d-496b-b7a0-23a98894e222",
    "data": [
      {
        "text": "open the menu",
        "userDefined": false
      }
    ],
    "isTemplate": false,
    "count": 0,
    "updated": 0
  },
  {
    "id": "3e46b2c2-7a2b-4456-a049-d65c8d702ac1",
    "data": [
      {
        "text": "go to the main menu",
        "userDefined": false
      }
    ],
    "isTemplate": false,
    "count": 0,
    "updated": 0
  },
  {
    "id": "e7c0357c-eee3-4fd0-9f3a-b3965ca3f8b8",
    "data": [
      {
        "text": "show me my options",
        "userDefined": false
      }
    ],
    "isTemplate": false,
    "count": 0,
    "updated": 0
  },
  {
    "id": "5b67f9e4-1150-4c93-b3d8-23bceb6c2313",
    "data": [
      {
        "text": "what can you do?",
        "userDefined": false
      }
    ],
    "isTemplate": false,
    "count": 0,
    "updated": 0
  }
]