[
  {
    "id": "3e46b2c2-7a2b-4456-a049-d65c8d702ac1",
    "data": [
      {
        "text": "go to the main menu",
        "userDefined": false
      }
    ],
    "isTemplate": false,
    "count": 0,
    "updated": 0
  },
  {
    "id": "e7c0357c-eee3-4fd0-9f3a-b3965ca3f8b8",
    "data": [
      {
        "text": "show me my options",
        "userDefined": false
      }
    ],
    "isTemplate": false,
    "count": 0,
    "updated": 0
  },
  {
    "id": "5b67f9e4-1150-4c93-b3d8-23bceb6c2313",
    "data": [
      {
        "text": "what can you do?",
        "userDefined": false
      }
    ],
    "isTemplate": false,
    "count": 0,
    "updated": 0
  }
]