[
  {
    "id": "70e11c63-56c7-4ef1-8044-b50afb19c341",
    "data": [
      {
        "text": "register me as ",
        "userDefined": false
      },
      {
        "text": "aron",
        "alias": "username",
        "meta": "@username",
        "userDefined": false
      }
    ],
    "isTemplate": false,
    "count": 0,
    "updated": 0
  },
  {
    "id": "57c7151b-6d6c-40cd-91be-966f055f48b1",
    "data": [
      {
        "text": "i am a new user",
        "userDefined": false
      }
    ],
    "isTemplate": false,
    "count": 0,
    "updated": 0
  },
  {
    "id": "4404b3ce-7148-45d4-9494-31748dcd1201",
    "data": [
      {
        "text": "register",
        "userDefined": false
      }
    ],
    "isTemplate": false,
    "count": 0,
    "updated": 0
  },
  {
    "id": "e9146cd4-ffd2-42a0-b0bd-d62c2a4928dc",
    "data": [
      {
        "text": "let me register",
        "userDefined": false
      }
    ],
    "isTemplate": false,
    "count": 0,
    "updated": 0
  },
  {
    "id": "06c351df-9345-4a1e-be9d-b6889ef0eb7d",
    "data": [
      {
        "text": "i am new here",
        "userDefined": false
      }
    ],
    "isTemplate": false,
    "count": 0,
    "updated": 0
  }
]