[
  {
    "id": "a7bac635-4871-41e0-8b6f-ae112de48826",
    "data": [
      {
        "text": "login",
        "userDefined": false
      }
    ],
    "isTemplate": false,
    "count": 0,
    "updated": 0
  },
  {
    "id": "1c2a7812-c778-44cf-917a-baf688d0616f",
    "data": [
      {
        "text": "continue as ",
        "userDefined": false
      },
      {
        "text": "peter",
        "alias": "username",
        "meta": "@username",
        "userDefined": true
      }
    ],
    "isTemplate": false,
    "count": 0,
    "updated": 0
  },
  {
    "id": "f7006094-f460-41c9-94ba-55654fd6f958",
    "data": [
      {
        "text": "devin",
        "alias": "username",
        "meta": "@username",
        "userDefined": true
      },
      {
        "text": " is my name",
        "userDefined": false
      }
    ],
    "isTemplate": false,
    "count": 0,
    "updated": 0
  },
  {
    "id": "c0e780b2-4924-4f6a-8e24-647d20a0d19b",
    "data": [
      {
        "text": "log me in as ",
        "userDefined": false
      },
      {
        "text": "max",
        "alias": "username",
        "meta": "@username",
        "userDefined": true
      }
    ],
    "isTemplate": false,
    "count": 0,
    "updated": 0
  },
  {
    "id": "c179da2e-a7f3-4d97-b9c0-90992bc123b7",
    "data": [
      {
        "text": "i am ",
        "userDefined": false
      },
      {
        "text": "george",
        "alias": "username",
        "meta": "@username",
        "userDefined": false
      }
    ],
    "isTemplate": false,
    "count": 0,
    "updated": 0
  },
  {
    "id": "9c2c7dd7-d133-4b05-87d9-e64b428190be",
    "data": [
      {
        "text": "My username is ",
        "userDefined": false
      },
      {
        "text": "aron",
        "alias": "username",
        "meta": "@username",
        "userDefined": true
      }
    ],
    "isTemplate": false,
    "count": 0,
    "updated": 0
  }
]