[
  {
    "id": "47097d67-a9ea-406b-b72f-e6e5bef6dfe2",
    "data": [
      {
        "text": "exit",
        "userDefined": false
      }
    ],
    "isTemplate": false,
    "count": 0,
    "updated": 0
  },
  {
    "id": "38b73f75-1129-40f9-a3f0-96ed25ef5401",
    "data": [
      {
        "text": "quit",
        "userDefined": false
      }
    ],
    "isTemplate": false,
    "count": 0,
    "updated": 0
  },
  {
    "id": "9e844f81-f003-47b1-8604-fb21ba9e6fc5",
    "data": [
      {
        "text": "log out",
        "userDefined": false
      }
    ],
    "isTemplate": false,
    "count": 0,
    "updated": 0
  }
]