[
  {
    "id": "9ecb303b-50cd-4ed2-8969-2111f118a678",
    "data": [
      {
        "text": "introduce yourself",
        "userDefined": false
      }
    ],
    "isTemplate": false,
    "count": 0,
    "updated": 0
  },
  {
    "id": "d65f8f73-9d48-4943-9ab3-3109ce67a6a8",
    "data": [
      {
        "text": "what is your purpose",
        "userDefined": false
      }
    ],
    "isTemplate": false,
    "count": 0,
    "updated": 0
  },
  {
    "id": "6e09c22d-d37a-4537-b829-2373451b17b2",
    "data": [
      {
        "text": "please tell me who you are",
        "userDefined": false
      }
    ],
    "isTemplate": false,
    "count": 0,
    "updated": 0
  },
  {
    "id": "4b5b4434-3a98-4d14-9b66-bbdca70b6643",
    "data": [
      {
        "text": "introduction",
        "userDefined": false
      }
    ],
    "isTemplate": false,
    "count": 0,
    "updated": 0
  },
  {
    "id": "f558176e-7e2c-4722-a215-d2042383c12d",
    "data": [
      {
        "text": "who are you",
        "userDefined": false
      }
    ],
    "isTemplate": false,
    "count": 0,
    "updated": 0
  },
  {
    "id": "70bc3279-a2d7-40a4-a921-791c9c078864",
    "data": [
      {
        "text": "what",
        "meta": "@sys.ignore",
        "userDefined": false
      },
      {
        "text": " ",
        "userDefined": false
      },
      {
        "text": "can",
        "meta": "@sys.ignore",
        "userDefined": false
      },
      {
        "text": " ",
        "userDefined": false
      },
      {
        "text": "you",
        "meta": "@sys.ignore",
        "userDefined": false
      },
      {
        "text": " ",
        "userDefined": false
      },
      {
        "text": "do",
        "meta": "@sys.ignore",
        "userDefined": false
      }
    ],
    "isTemplate": false,
    "count": 0,
    "updated": 0
  }
]